"Ranking.position","Country","Category","Items","EUR.Value","PIB.anual","SMI","Items_factor"
1,"BERMUDA","Transportation","Monthly ticket public transport",62,4.42926e+11,196.660482374768,45
2,"SINGAPORE","Food","Basic lunchtime menu (including a drink) in the business district",8,4.42926e+11,196.660482374768,28
2,"SINGAPORE","Housing","Utilities 1 month (heating, electricity, gas ...) for 2 people in 85m2 flat",185,4.42926e+11,196.660482374768,50
2,"SINGAPORE","Transportation","Monthly ticket public transport",89,4.42926e+11,196.660482374768,45
3,"SWITZERLAND","Food","Basic lunchtime menu (including a drink) in the business district",27,7.67616e+11,3901.2,28
3,"SWITZERLAND","Housing","Monthly rent for 85 m2 (900 sqft) furnished accommodation in normal area",2369,7.67616e+11,3901.2,42
3,"SWITZERLAND","Housing","Utilities 1 month (heating, electricity, gas ...) for 2 people in 85m2 flat",202,7.67616e+11,3901.2,50
3,"SWITZERLAND","Transportation","Monthly ticket public transport",81,7.67616e+11,3901.2,45
4,"CAYMAN ISLANDS","Food","Basic lunchtime menu (including a drink) in the business district",26,4.42926e+11,196.660482374768,28
4,"CAYMAN ISLANDS","Transportation","Monthly ticket public transport",81,4.42926e+11,196.660482374768,45
4,"CAYMAN ISLANDS","Entertainment","1 month of gym membership in business district",63,4.42926e+11,196.660482374768,13
5,"BAHAMAS","Food","Basic lunchtime menu (including a drink) in the business district",23,9.471e+09,803.5,28
5,"BAHAMAS","Housing","Monthly rent for 85 m2 (900 sqft) furnished accommodation in normal area",1527,9.471e+09,803.5,42
5,"BAHAMAS","Housing","Utilities 1 month (heating, electricity, gas ...) for 2 people in 85m2 flat",320,9.471e+09,803.5,50
5,"BAHAMAS","Transportation","Monthly ticket public transport",51,9.471e+09,803.5,45
6,"HONG KONG","Food","Basic lunchtime menu (including a drink) in the business district",10,3.11716e+11,733.9,28
6,"HONG KONG","Housing","Utilities 1 month (heating, electricity, gas ...) for 2 people in 85m2 flat",87,3.11716e+11,733.9,50
6,"HONG KONG","Transportation","Monthly ticket public transport",59,3.11716e+11,733.9,45
7,"IRELAND","Food","Basic lunchtime menu (including a drink) in the business district",16,5.02584e+11,1909.7,28
7,"IRELAND","Housing","Monthly rent for 85 m2 (900 sqft) furnished accommodation in normal area",2103,5.02584e+11,1909.7,42
7,"IRELAND","Housing","Utilities 1 month (heating, electricity, gas ...) for 2 people in 85m2 flat",259,5.02584e+11,1909.7,50
7,"IRELAND","Transportation","Monthly ticket public transport",91,5.02584e+11,1909.7,45
7,"IRELAND","Entertainment","1 month of gym membership in business district",50,5.02584e+11,1909.7,13
8,"DENMARK","Food","Basic lunchtime menu (including a drink) in the business district",18,3.76087e+11,196.660482374768,28
8,"DENMARK","Housing","Monthly rent for 85 m2 (900 sqft) furnished accommodation in normal area",1718,3.76087e+11,196.660482374768,42
8,"DENMARK","Housing","Utilities 1 month (heating, electricity, gas ...) for 2 people in 85m2 flat",192,3.76087e+11,196.660482374768,50
8,"DENMARK","Transportation","Monthly ticket public transport",77,3.76087e+11,196.660482374768,45
8,"DENMARK","Entertainment","1 month of gym membership in business district",38,3.76087e+11,196.660482374768,13
9,"UNITED STATES","Food","Basic lunchtime menu (including a drink) in the business district",17,5.51409e+11,196.660482374768,28
9,"UNITED STATES","Housing","Monthly rent for 85 m2 (900 sqft) furnished accommodation in normal area",1993,3.76087e+11,196.660482374768,42
9,"UNITED STATES","Housing","Utilities 1 month (heating, electricity, gas ...) for 2 people in 85m2 flat",198,4.42926e+11,196.660482374768,50
9,"UNITED STATES","Transportation","Monthly ticket public transport",72,5.51409e+11,196.660482374768,45
9,"UNITED STATES","Entertainment","1 month of gym membership in business district",49,5.51409e+11,196.660482374768,13
10,"NORWAY","Food","Basic lunchtime menu (including a drink) in the business district",20,5.51409e+11,196.660482374768,28
10,"NORWAY","Housing","Monthly rent for 85 m2 (900 sqft) furnished accommodation in normal area",1375,5.51409e+11,196.660482374768,42
10,"NORWAY","Housing","Utilities 1 month (heating, electricity, gas ...) for 2 people in 85m2 flat",210,5.51409e+11,196.660482374768,50
10,"NORWAY","Transportation","Monthly ticket public transport",75,5.51409e+11,196.660482374768,45
10,"NORWAY","Entertainment","1 month of gym membership in business district",34,5.51409e+11,196.660482374768,13
11,"NETHERLANDS","Food","Basic lunchtime menu (including a drink) in the business district",17,9.41186e+11,1934.4,28
11,"NETHERLANDS","Housing","Monthly rent for 85 m2 (900 sqft) furnished accommodation in normal area",1868,9.41186e+11,1934.4,42
11,"NETHERLANDS","Housing","Utilities 1 month (heating, electricity, gas ...) for 2 people in 85m2 flat",266,9.41186e+11,1934.4,50
11,"NETHERLANDS","Transportation","Monthly ticket public transport",85,9.41186e+11,1934.4,45
11,"NETHERLANDS","Entertainment","1 month of gym membership in business district",38,9.41186e+11,1934.4,13
12,"LUXEMBOURG","Food","Basic lunchtime menu (including a drink) in the business district",20,7.813e+10,2387.4,28
12,"LUXEMBOURG","Housing","Monthly rent for 85 m2 (900 sqft) furnished accommodation in normal area",2190,7.813e+10,2387.4,42
12,"LUXEMBOURG","Housing","Utilities 1 month (heating, electricity, gas ...) for 2 people in 85m2 flat",300,7.813e+10,2387.4,50
12,"LUXEMBOURG","Transportation","Monthly ticket public transport",66,7.813e+10,2387.4,45
12,"LUXEMBOURG","Entertainment","1 month of gym membership in business district",48,7.813e+10,2387.4,13
13,"AUSTRALIA","Food","Basic lunchtime menu (including a drink) in the business district",13,1.614888e+12,2199.5,28
13,"AUSTRALIA","Housing","Monthly rent for 85 m2 (900 sqft) furnished accommodation in normal area",1364,1.614888e+12,2199.5,42
13,"AUSTRALIA","Housing","Utilities 1 month (heating, electricity, gas ...) for 2 people in 85m2 flat",159,1.614888e+12,2199.5,50
13,"AUSTRALIA","Transportation","Monthly ticket public transport",95,1.614888e+12,2199.5,45
13,"AUSTRALIA","Entertainment","1 month of gym membership in business district",46,1.614888e+12,2199.5,13
14,"NEW ZEALAND","Food","Basic lunchtime menu (including a drink) in the business district",12,1.614888e+12,2156.3,28
14,"NEW ZEALAND","Housing","Monthly rent for 85 m2 (900 sqft) furnished accommodation in normal area",1609,1.614888e+12,2156.3,42
14,"NEW ZEALAND","Housing","Utilities 1 month (heating, electricity, gas ...) for 2 people in 85m2 flat",140,1.614888e+12,2156.3,50
14,"NEW ZEALAND","Transportation","Monthly ticket public transport",81,1.614888e+12,2156.3,45
14,"NEW ZEALAND","Entertainment","1 month of gym membership in business district",37,1.614888e+12,2156.3,13
15,"QATAR","Food","Basic lunchtime menu (including a drink) in the business district",10,1.51815e+11,242.9,28
15,"QATAR","Housing","Monthly rent for 85 m2 (900 sqft) furnished accommodation in normal area",1837,1.51815e+11,242.9,42
15,"QATAR","Housing","Utilities 1 month (heating, electricity, gas ...) for 2 people in 85m2 flat",143,1.51815e+11,242.9,50
15,"QATAR","Transportation","Monthly ticket public transport",31,1.51815e+11,242.9,45
16,"UNITED KINGDOM","Food","Basic lunchtime menu (including a drink) in the business district",15,2.913623e+12,1929.2,28
16,"UNITED KINGDOM","Housing","Monthly rent for 85 m2 (900 sqft) furnished accommodation in normal area",1569,2.913623e+12,1929.2,42
16,"UNITED KINGDOM","Housing","Utilities 1 month (heating, electricity, gas ...) for 2 people in 85m2 flat",234,2.913623e+12,1929.2,50
16,"UNITED KINGDOM","Transportation","Monthly ticket public transport",94,2.913623e+12,1929.2,45
16,"UNITED KINGDOM","Entertainment","1 month of gym membership in business district",38,2.913623e+12,1929.2,13
17,"ISRAEL","Food","Basic lunchtime menu (including a drink) in the business district",17,2.639092e+12,1528.8,28
17,"ISRAEL","Housing","Monthly rent for 85 m2 (900 sqft) furnished accommodation in normal area",1690,2.639092e+12,1528.8,42
17,"ISRAEL","Housing","Utilities 1 month (heating, electricity, gas ...) for 2 people in 85m2 flat",221,2.639092e+12,1528.8,50
17,"ISRAEL","Transportation","Monthly ticket public transport",56,2.030446e+12,1528.8,45
17,"ISRAEL","Entertainment","1 month of gym membership in business district",64,2.639092e+12,1528.8,13
18,"CANADA","Food","Basic lunchtime menu (including a drink) in the business district",15,2.030446e+12,1757.1,28
18,"CANADA","Housing","Monthly rent for 85 m2 (900 sqft) furnished accommodation in normal area",1421,2.030446e+12,1757.1,42
18,"CANADA","Housing","Utilities 1 month (heating, electricity, gas ...) for 2 people in 85m2 flat",142,2.030446e+12,1757.1,50
18,"CANADA","Transportation","Monthly ticket public transport",74,2.030446e+12,1757.1,45
18,"CANADA","Entertainment","1 month of gym membership in business district",43,2.030446e+12,1757.1,13
19,"GERMANY","Food","Basic lunchtime menu (including a drink) in the business district",16,3.8699e+12,1987,28
19,"GERMANY","Housing","Monthly rent for 85 m2 (900 sqft) furnished accommodation in normal area",1477,3.8699e+12,1987,42
19,"GERMANY","Housing","Utilities 1 month (heating, electricity, gas ...) for 2 people in 85m2 flat",222,3.8699e+12,1987,50
19,"GERMANY","Transportation","Monthly ticket public transport",72,3.8699e+12,1987,45
19,"GERMANY","Entertainment","1 month of gym membership in business district",42,3.8699e+12,1987,13
20,"FINLAND","Food","Basic lunchtime menu (including a drink) in the business district",12,2.66679e+11,196.660482374768,28
20,"FINLAND","Housing","Monthly rent for 85 m2 (900 sqft) furnished accommodation in normal area",1200,2.66679e+11,196.660482374768,42
20,"FINLAND","Housing","Utilities 1 month (heating, electricity, gas ...) for 2 people in 85m2 flat",179,2.66679e+11,196.660482374768,50
20,"FINLAND","Transportation","Monthly ticket public transport",55,2.66679e+11,196.660482374768,45
20,"FINLAND","Entertainment","1 month of gym membership in business district",52,2.66679e+11,196.660482374768,13
21,"BELGIUM","Food","Basic lunchtime menu (including a drink) in the business district",20,5.49456e+11,1955,28
21,"BELGIUM","Housing","Monthly rent for 85 m2 (900 sqft) furnished accommodation in normal area",1098,5.49456e+11,1955,42
21,"BELGIUM","Housing","Utilities 1 month (heating, electricity, gas ...) for 2 people in 85m2 flat",258,5.49456e+11,1955,50
21,"BELGIUM","Transportation","Monthly ticket public transport",50,5.49456e+11,1955,45
21,"BELGIUM","Entertainment","1 month of gym membership in business district",30,5.49456e+11,1955,13
22,"SWEDEN","Food","Basic lunchtime menu (including a drink) in the business district",11,5.60959e+11,196.660482374768,28
22,"SWEDEN","Housing","Monthly rent for 85 m2 (900 sqft) furnished accommodation in normal area",1173,5.60959e+11,196.660482374768,42
22,"SWEDEN","Housing","Utilities 1 month (heating, electricity, gas ...) for 2 people in 85m2 flat",95,5.60959e+11,196.660482374768,50
22,"SWEDEN","Transportation","Monthly ticket public transport",74,5.60959e+11,196.660482374768,45
22,"SWEDEN","Entertainment","1 month of gym membership in business district",34,5.60959e+11,196.660482374768,13
23,"AUSTRIA","Food","Basic lunchtime menu (including a drink) in the business district",14,4.46933e+11,196.660482374768,28
23,"AUSTRIA","Housing","Monthly rent for 85 m2 (900 sqft) furnished accommodation in normal area",1247,4.46933e+11,196.660482374768,42
23,"AUSTRIA","Housing","Utilities 1 month (heating, electricity, gas ...) for 2 people in 85m2 flat",335,4.46933e+11,196.660482374768,50
23,"AUSTRIA","Transportation","Monthly ticket public transport",45,4.46933e+11,196.660482374768,45
23,"AUSTRIA","Entertainment","1 month of gym membership in business district",67,4.46933e+11,196.660482374768,13
24,"FRANCE","Food","Basic lunchtime menu (including a drink) in the business district",18,2.639092e+12,1709.3,28
24,"FRANCE","Housing","Monthly rent for 85 m2 (900 sqft) furnished accommodation in normal area",1404,2.639092e+12,1709.3,42
24,"FRANCE","Housing","Utilities 1 month (heating, electricity, gas ...) for 2 people in 85m2 flat",148,2.639092e+12,1709.3,50
24,"FRANCE","Transportation","Monthly ticket public transport",59,2.639092e+12,1709.3,45
24,"FRANCE","Entertainment","1 month of gym membership in business district",32,2.639092e+12,1709.3,13
25,"JAPAN","Food","Basic lunchtime menu (including a drink) in the business district",7,4.017108e+12,1246.7,28
25,"JAPAN","Housing","Monthly rent for 85 m2 (900 sqft) furnished accommodation in normal area",1176,4.017108e+12,1246.7,42
25,"JAPAN","Housing","Utilities 1 month (heating, electricity, gas ...) for 2 people in 85m2 flat",194,4.017108e+12,1246.7,50
25,"JAPAN","Transportation","Monthly ticket public transport",71,4.017108e+12,1246.7,45
25,"JAPAN","Entertainment","1 month of gym membership in business district",63,4.017108e+12,1246.7,13
26,"UNITED ARAB EMIRATES","Food","Basic lunchtime menu (including a drink) in the business district",10,3.50665e+11,196.660482374768,28
26,"UNITED ARAB EMIRATES","Housing","Monthly rent for 85 m2 (900 sqft) furnished accommodation in normal area",1803,3.50665e+11,196.660482374768,42
26,"UNITED ARAB EMIRATES","Housing","Utilities 1 month (heating, electricity, gas ...) for 2 people in 85m2 flat",180,3.50665e+11,196.660482374768,50
26,"UNITED ARAB EMIRATES","Transportation","Monthly ticket public transport",22,3.50665e+11,196.660482374768,45
26,"UNITED ARAB EMIRATES","Entertainment","1 month of gym membership in business district",67,3.50665e+11,196.660482374768,13
27,"MALTA","Food","Basic lunchtime menu (including a drink) in the business district",26,1.6923e+10,835.2,28
27,"MALTA","Housing","Monthly rent for 85 m2 (900 sqft) furnished accommodation in normal area",1046,1.6923e+10,835.2,42
27,"MALTA","Housing","Utilities 1 month (heating, electricity, gas ...) for 2 people in 85m2 flat",86,1.6923e+10,835.2,50
27,"MALTA","Transportation","Monthly ticket public transport",25,1.6923e+10,835.2,45
27,"MALTA","Entertainment","1 month of gym membership in business district",54,1.6923e+10,835.2,13
28,"SOUTH KOREA","Food","Basic lunchtime menu (including a drink) in the business district",7,1.583553e+12,1421.9,28
28,"SOUTH KOREA","Housing","Monthly rent for 85 m2 (900 sqft) furnished accommodation in normal area",1559,1.583553e+12,1421.9,42
28,"SOUTH KOREA","Housing","Utilities 1 month (heating, electricity, gas ...) for 2 people in 85m2 flat",167,1.583553e+12,1421.9,50
28,"SOUTH KOREA","Transportation","Monthly ticket public transport",39,1.583553e+12,1421.9,45
28,"SOUTH KOREA","Entertainment","1 month of gym membership in business district",50,1.583553e+12,1421.9,13
29,"MACAO","Food","Basic lunchtime menu (including a drink) in the business district",10,3.50665e+11,196.660482374768,28
29,"MACAO","Housing","Monthly rent for 85 m2 (900 sqft) furnished accommodation in normal area",1149,3.50665e+11,196.660482374768,42
29,"MACAO","Housing","Utilities 1 month (heating, electricity, gas ...) for 2 people in 85m2 flat",78,3.50665e+11,196.660482374768,50
29,"MACAO","Transportation","Monthly ticket public transport",40,3.50665e+11,196.660482374768,45
30,"URUGUAY","Food","Basic lunchtime menu (including a drink) in the business district",16,5.0122e+10,404.9,28
30,"URUGUAY","Housing","Monthly rent for 85 m2 (900 sqft) furnished accommodation in normal area",584,5.0122e+10,404.9,42
30,"URUGUAY","Housing","Utilities 1 month (heating, electricity, gas ...) for 2 people in 85m2 flat",84,5.0122e+10,404.9,50
30,"URUGUAY","Transportation","Monthly ticket public transport",54,5.0122e+10,404.9,45
30,"URUGUAY","Entertainment","1 month of gym membership in business district",62,5.0122e+10,404.9,13
31,"ITALY","Food","Basic lunchtime menu (including a drink) in the business district",18,3.50665e+11,196.660482374768,28
31,"ITALY","Housing","Monthly rent for 85 m2 (900 sqft) furnished accommodation in normal area",938,3.50665e+11,196.660482374768,42
31,"ITALY","Housing","Utilities 1 month (heating, electricity, gas ...) for 2 people in 85m2 flat",160,3.50665e+11,196.660482374768,50
31,"ITALY","Transportation","Monthly ticket public transport",35,3.50665e+11,196.660482374768,45
31,"ITALY","Entertainment","1 month of gym membership in business district",48,3.50665e+11,196.660482374768,13
32,"PANAMA","Food","Basic lunchtime menu (including a drink) in the business district",16,5.3742e+10,277.4,28
32,"PANAMA","Housing","Monthly rent for 85 m2 (900 sqft) furnished accommodation in normal area",747,5.3742e+10,277.4,42
32,"PANAMA","Housing","Utilities 1 month (heating, electricity, gas ...) for 2 people in 85m2 flat",102,5.3742e+10,277.4,50
32,"PANAMA","Transportation","Monthly ticket public transport",36,5.3742e+10,277.4,45
32,"PANAMA","Entertainment","1 month of gym membership in business district",42,5.3742e+10,277.4,13
33,"DOMINICAN REPUBLIC","Food","Basic lunchtime menu (including a drink) in the business district",9,7.9811e+10,129.6,28
33,"DOMINICAN REPUBLIC","Housing","Monthly rent for 85 m2 (900 sqft) furnished accommodation in normal area",568,7.9811e+10,129.6,42
33,"DOMINICAN REPUBLIC","Housing","Utilities 1 month (heating, electricity, gas ...) for 2 people in 85m2 flat",71,7.9811e+10,129.6,50
33,"DOMINICAN REPUBLIC","Transportation","Monthly ticket public transport",74,7.9811e+10,129.6,45
33,"DOMINICAN REPUBLIC","Entertainment","1 month of gym membership in business district",42,7.9811e+10,129.6,13
34,"KUWAIT","Food","Basic lunchtime menu (including a drink) in the business district",8,9.2833e+10,219.2,28
34,"KUWAIT","Housing","Monthly rent for 85 m2 (900 sqft) furnished accommodation in normal area",1186,9.2833e+10,219.2,42
34,"KUWAIT","Housing","Utilities 1 month (heating, electricity, gas ...) for 2 people in 85m2 flat",147,9.2833e+10,219.2,50
34,"KUWAIT","Transportation","Monthly ticket public transport",37,9.2833e+10,219.2,45
34,"KUWAIT","Entertainment","1 month of gym membership in business district",64,9.2833e+10,219.2,13
35,"PALESTINIAN TERRITORY","Food","Basic lunchtime menu (including a drink) in the business district",12,3.50665e+11,196.660482374768,28
35,"PALESTINIAN TERRITORY","Housing","Monthly rent for 85 m2 (900 sqft) furnished accommodation in normal area",491,3.50665e+11,196.660482374768,42
35,"PALESTINIAN TERRITORY","Housing","Utilities 1 month (heating, electricity, gas ...) for 2 people in 85m2 flat",81,3.50665e+11,196.660482374768,50
35,"PALESTINIAN TERRITORY","Transportation","Monthly ticket public transport",37,3.50665e+11,196.660482374768,45
35,"PALESTINIAN TERRITORY","Entertainment","1 month of gym membership in business district",49,3.50665e+11,196.660482374768,13
36,"COSTA RICA","Food","Basic lunchtime menu (including a drink) in the business district",12,6.4889e+10,446.1,28
36,"COSTA RICA","Housing","Monthly rent for 85 m2 (900 sqft) furnished accommodation in normal area",520,6.4889e+10,446.1,42
36,"COSTA RICA","Housing","Utilities 1 month (heating, electricity, gas ...) for 2 people in 85m2 flat",56,6.4889e+10,446.1,50
36,"COSTA RICA","Transportation","Monthly ticket public transport",49,6.4889e+10,446.1,45
36,"COSTA RICA","Entertainment","1 month of gym membership in business district",57,6.4889e+10,446.1,13
37,"PORTUGAL","Food","Basic lunchtime menu (including a drink) in the business district",10,2.39242e+11,886.7,28
37,"PORTUGAL","Housing","Monthly rent for 85 m2 (900 sqft) furnished accommodation in normal area",863,2.39242e+11,886.7,42
37,"PORTUGAL","Housing","Utilities 1 month (heating, electricity, gas ...) for 2 people in 85m2 flat",135,2.39242e+11,886.7,50
37,"PORTUGAL","Transportation","Monthly ticket public transport",36,2.39242e+11,886.7,45
37,"PORTUGAL","Entertainment","1 month of gym membership in business district",34,2.39242e+11,886.7,13
38,"BAHRAIN","Food","Basic lunchtime menu (including a drink) in the business district",5.89,3.3208e+10,600.8,28
38,"BAHRAIN","Housing","Monthly rent for 85 m2 (900 sqft) furnished accommodation in normal area",1037,3.3208e+10,600.8,42
38,"BAHRAIN","Housing","Utilities 1 month (heating, electricity, gas ...) for 2 people in 85m2 flat",136,3.3208e+10,600.8,50
38,"BAHRAIN","Transportation","Monthly ticket public transport",33,3.3208e+10,600.8,45
38,"BAHRAIN","Entertainment","1 month of gym membership in business district",72,3.3208e+10,600.8,13
39,"SPAIN","Food","Basic lunchtime menu (including a drink) in the business district",17,1.328922e+12,1260,28
39,"SPAIN","Housing","Monthly rent for 85 m2 (900 sqft) furnished accommodation in normal area",824,1.328922e+12,1260,42
39,"SPAIN","Housing","Utilities 1 month (heating, electricity, gas ...) for 2 people in 85m2 flat",129,1.328922e+12,1260,50
39,"SPAIN","Transportation","Monthly ticket public transport",33,1.328922e+12,1260,45
39,"SPAIN","Entertainment","1 month of gym membership in business district",46,1.328922e+12,1260,13
40,"CZECH REPUBLIC","Food","Basic lunchtime menu (including a drink) in the business district",9,2.76606e+11,717.4,28
40,"CZECH REPUBLIC","Housing","Monthly rent for 85 m2 (900 sqft) furnished accommodation in normal area",1075,2.76606e+11,717.4,42
40,"CZECH REPUBLIC","Housing","Utilities 1 month (heating, electricity, gas ...) for 2 people in 85m2 flat",242,2.76606e+11,717.4,50
40,"CZECH REPUBLIC","Transportation","Monthly ticket public transport",23,2.76606e+11,717.4,45
40,"CZECH REPUBLIC","Entertainment","1 month of gym membership in business district",44,2.76606e+11,717.4,13
41,"SLOVAKIA","Food","Basic lunchtime menu (including a drink) in the business district",10,1.09652e+11,700,28
41,"SLOVAKIA","Housing","Monthly rent for 85 m2 (900 sqft) furnished accommodation in normal area",635,1.09652e+11,700,42
41,"SLOVAKIA","Housing","Utilities 1 month (heating, electricity, gas ...) for 2 people in 85m2 flat",200,1.09652e+11,700,50
41,"SLOVAKIA","Transportation","Monthly ticket public transport",33,1.09652e+11,700,45
41,"SLOVAKIA","Entertainment","1 month of gym membership in business district",30,1.09652e+11,700,13
42,"GREECE","Food","Basic lunchtime menu (including a drink) in the business district",13,2.0803e+11,831.8,28
42,"GREECE","Housing","Monthly rent for 85 m2 (900 sqft) furnished accommodation in normal area",631,2.0803e+11,831.8,42
42,"GREECE","Housing","Utilities 1 month (heating, electricity, gas ...) for 2 people in 85m2 flat",202,2.0803e+11,831.8,50
42,"GREECE","Transportation","Monthly ticket public transport",30,2.0803e+11,831.8,45
42,"GREECE","Entertainment","1 month of gym membership in business district",39,2.0803e+11,831.8,13
43,"CHINA","Food","Basic lunchtime menu (including a drink) in the business district",6,1.7174722e+13,268.3,28
43,"CHINA","Housing","Monthly rent for 85 m2 (900 sqft) furnished accommodation in normal area",1210,1.7174722e+13,268.3,42
43,"CHINA","Housing","Utilities 1 month (heating, electricity, gas ...) for 2 people in 85m2 flat",54,1.7174722e+13,268.3,50
43,"CHINA","Transportation","Monthly ticket public transport",27,1.7174722e+13,268.3,45
43,"CHINA","Entertainment","1 month of gym membership in business district",57,1.7174722e+13,268.3,13
44,"JORDAN","Food","Basic lunchtime menu (including a drink) in the business district",10,3.8705e+10,0.3,28
44,"JORDAN","Housing","Monthly rent for 85 m2 (900 sqft) furnished accommodation in normal area",454,3.8705e+10,0.3,42
44,"JORDAN","Housing","Utilities 1 month (heating, electricity, gas ...) for 2 people in 85m2 flat",71,3.8705e+10,0.3,50
44,"JORDAN","Transportation","Monthly ticket public transport",38,3.8705e+10,0.3,45
44,"JORDAN","Entertainment","1 month of gym membership in business district",66,3.8705e+10,0.3,13
45,"CHILE","Food","Basic lunchtime menu (including a drink) in the business district",15,2.85355e+11,379.2,28
45,"CHILE","Housing","Monthly rent for 85 m2 (900 sqft) furnished accommodation in normal area",615,2.85355e+11,379.2,42
45,"CHILE","Housing","Utilities 1 month (heating, electricity, gas ...) for 2 people in 85m2 flat",78,2.85355e+11,379.2,50
45,"CHILE","Transportation","Monthly ticket public transport",47,2.85355e+11,379.2,45
45,"CHILE","Entertainment","1 month of gym membership in business district",52,2.85355e+11,379.2,13
46,"TAIWAN","Food","Basic lunchtime menu (including a drink) in the business district",5.71,7.22751e+11,497,28
46,"TAIWAN","Housing","Monthly rent for 85 m2 (900 sqft) furnished accommodation in normal area",730,7.22751e+11,497,42
46,"TAIWAN","Housing","Utilities 1 month (heating, electricity, gas ...) for 2 people in 85m2 flat",35,7.22751e+11,497,50
46,"TAIWAN","Transportation","Monthly ticket public transport",39,7.22751e+11,497,45
46,"TAIWAN","Entertainment","1 month of gym membership in business district",35,7.22751e+11,497,13
47,"HUNGARY","Food","Basic lunchtime menu (including a drink) in the business district",9,1.70247e+11,578.7,28
47,"HUNGARY","Housing","Monthly rent for 85 m2 (900 sqft) furnished accommodation in normal area",660,1.70247e+11,578.7,42
47,"HUNGARY","Housing","Utilities 1 month (heating, electricity, gas ...) for 2 people in 85m2 flat",184,1.70247e+11,578.7,50
47,"HUNGARY","Transportation","Monthly ticket public transport",25,1.70247e+11,578.7,45
47,"HUNGARY","Entertainment","1 month of gym membership in business district",48,1.70247e+11,578.7,13
48,"THAILAND","Food","Basic lunchtime menu (including a drink) in the business district",2.96,4.27133e+11,231.3,28
48,"THAILAND","Housing","Monthly rent for 85 m2 (900 sqft) furnished accommodation in normal area",815,4.27133e+11,231.3,42
48,"THAILAND","Housing","Utilities 1 month (heating, electricity, gas ...) for 2 people in 85m2 flat",56,4.27133e+11,231.3,50
48,"THAILAND","Transportation","Monthly ticket public transport",34,4.27133e+11,231.3,45
48,"THAILAND","Entertainment","1 month of gym membership in business district",50,4.27133e+11,231.3,13
49,"VENEZUELA","Food","Basic lunchtime menu (including a drink) in the business district",17,8.6349e+10,196.660482374768,28
49,"VENEZUELA","Housing","Monthly rent for 85 m2 (900 sqft) furnished accommodation in normal area",397,8.6349e+10,196.660482374768,42
49,"VENEZUELA","Housing","Utilities 1 month (heating, electricity, gas ...) for 2 people in 85m2 flat",39,8.6349e+10,196.660482374768,50
49,"VENEZUELA","Transportation","Monthly ticket public transport",24,8.6349e+10,196.660482374768,45
49,"VENEZUELA","Entertainment","1 month of gym membership in business district",55,8.6349e+10,196.660482374768,13
50,"POLAND","Food","Basic lunchtime menu (including a drink) in the business district",8,6.56906e+11,745.6,28
50,"POLAND","Housing","Monthly rent for 85 m2 (900 sqft) furnished accommodation in normal area",915,6.56906e+11,745.6,42
50,"POLAND","Housing","Utilities 1 month (heating, electricity, gas ...) for 2 people in 85m2 flat",204,6.56906e+11,745.6,50
50,"POLAND","Transportation","Monthly ticket public transport",25,6.56906e+11,745.6,45
50,"POLAND","Entertainment","1 month of gym membership in business district",31,6.56906e+11,745.6,13
51,"SERBIA","Food","Basic lunchtime menu (including a drink) in the business district",8,6.0368e+10,460.2,28
51,"SERBIA","Housing","Monthly rent for 85 m2 (900 sqft) furnished accommodation in normal area",707,6.0368e+10,460.2,42
51,"SERBIA","Housing","Utilities 1 month (heating, electricity, gas ...) for 2 people in 85m2 flat",127,6.0368e+10,460.2,50
51,"SERBIA","Transportation","Monthly ticket public transport",27,6.0368e+10,460.2,45
51,"SERBIA","Entertainment","1 month of gym membership in business district",29,6.0368e+10,460.2,13
52,"GUATEMALA","Food","Basic lunchtime menu (including a drink) in the business district",10,7.3499e+10,338.5,28
52,"GUATEMALA","Housing","Monthly rent for 85 m2 (900 sqft) furnished accommodation in normal area",448,7.3499e+10,338.5,42
52,"GUATEMALA","Housing","Utilities 1 month (heating, electricity, gas ...) for 2 people in 85m2 flat",55,7.3499e+10,338.5,50
52,"GUATEMALA","Transportation","Monthly ticket public transport",34,7.3499e+10,338.5,45
52,"GUATEMALA","Entertainment","1 month of gym membership in business district",41,7.3499e+10,338.5,13
53,"BOSNIA AND HERZEGOVINA","Food","Basic lunchtime menu (including a drink) in the business district",10,2.3317e+10,277.6,28
53,"BOSNIA AND HERZEGOVINA","Housing","Monthly rent for 85 m2 (900 sqft) furnished accommodation in normal area",401,2.3317e+10,277.6,42
53,"BOSNIA AND HERZEGOVINA","Housing","Utilities 1 month (heating, electricity, gas ...) for 2 people in 85m2 flat",174,2.3317e+10,277.6,50
53,"BOSNIA AND HERZEGOVINA","Transportation","Monthly ticket public transport",30,2.3317e+10,277.6,45
53,"BOSNIA AND HERZEGOVINA","Entertainment","1 month of gym membership in business district",31,2.3317e+10,277.6,13
54,"MEXICO","Food","Basic lunchtime menu (including a drink) in the business district",14,1.341808e+12,227.2,28
54,"MEXICO","Housing","Monthly rent for 85 m2 (900 sqft) furnished accommodation in normal area",532,1.341808e+12,227.2,42
54,"MEXICO","Housing","Utilities 1 month (heating, electricity, gas ...) for 2 people in 85m2 flat",51,1.341808e+12,227.2,50
54,"MEXICO","Transportation","Monthly ticket public transport",28,1.341808e+12,227.2,45
54,"MEXICO","Entertainment","1 month of gym membership in business district",44,1.341808e+12,227.2,13
55,"BRAZIL","Food","Basic lunchtime menu (including a drink) in the business district",7,1.825767e+12,192.1,28
55,"BRAZIL","Housing","Monthly rent for 85 m2 (900 sqft) furnished accommodation in normal area",478,1.825767e+12,192.1,42
55,"BRAZIL","Housing","Utilities 1 month (heating, electricity, gas ...) for 2 people in 85m2 flat",119,1.825767e+12,192.1,50
55,"BRAZIL","Transportation","Monthly ticket public transport",42,1.825767e+12,192.1,45
55,"BRAZIL","Entertainment","1 month of gym membership in business district",24,1.825767e+12,192.1,13
56,"GUYANA","Food","Basic lunchtime menu (including a drink) in the business district",5.92,6.47e+09,196.660482374768,28
56,"GUYANA","Housing","Monthly rent for 85 m2 (900 sqft) furnished accommodation in normal area",594,6.47e+09,196.660482374768,42
56,"GUYANA","Housing","Utilities 1 month (heating, electricity, gas ...) for 2 people in 85m2 flat",59,6.47e+09,196.660482374768,50
56,"GUYANA","Transportation","Monthly ticket public transport",42,6.47e+09,196.660482374768,45
56,"GUYANA","Entertainment","1 month of gym membership in business district",25,6.47e+09,196.660482374768,13
57,"CAMBODIA","Food","Basic lunchtime menu (including a drink) in the business district",5.61,2.8118e+10,0,28
57,"CAMBODIA","Housing","Monthly rent for 85 m2 (900 sqft) furnished accommodation in normal area",637,2.8118e+10,0,42
57,"CAMBODIA","Housing","Utilities 1 month (heating, electricity, gas ...) for 2 people in 85m2 flat",93,2.8118e+10,0,50
57,"CAMBODIA","Transportation","Monthly ticket public transport",30,2.8118e+10,0,45
57,"CAMBODIA","Entertainment","1 month of gym membership in business district",48,2.8118e+10,0,13
58,"MAURITIUS","Food","Basic lunchtime menu (including a drink) in the business district",5.4,8.6349e+10,196.660482374768,28
58,"MAURITIUS","Housing","Monthly rent for 85 m2 (900 sqft) furnished accommodation in normal area",474,8.6349e+10,196.660482374768,42
58,"MAURITIUS","Housing","Utilities 1 month (heating, electricity, gas ...) for 2 people in 85m2 flat",57,8.6349e+10,196.660482374768,50
58,"MAURITIUS","Transportation","Monthly ticket public transport",30,8.6349e+10,196.660482374768,45
58,"MAURITIUS","Entertainment","1 month of gym membership in business district",26,8.6349e+10,196.660482374768,13
59,"BULGARIA","Food","Basic lunchtime menu (including a drink) in the business district",10,8.4561e+10,398.8,28
59,"BULGARIA","Housing","Monthly rent for 85 m2 (900 sqft) furnished accommodation in normal area",359,8.4561e+10,398.8,42
59,"BULGARIA","Housing","Utilities 1 month (heating, electricity, gas ...) for 2 people in 85m2 flat",95,8.4561e+10,398.8,50
59,"BULGARIA","Transportation","Monthly ticket public transport",27,8.4561e+10,398.8,45
59,"BULGARIA","Entertainment","1 month of gym membership in business district",27,8.4561e+10,398.8,13
60,"ROMANIA","Food","Basic lunchtime menu (including a drink) in the business district",9,2.85885e+11,606.1,28
60,"ROMANIA","Housing","Monthly rent for 85 m2 (900 sqft) furnished accommodation in normal area",452,2.85885e+11,606.1,42
60,"ROMANIA","Housing","Utilities 1 month (heating, electricity, gas ...) for 2 people in 85m2 flat",108,2.85885e+11,606.1,50
60,"ROMANIA","Transportation","Monthly ticket public transport",17,2.85885e+11,606.1,45
60,"ROMANIA","Entertainment","1 month of gym membership in business district",38,2.85885e+11,606.1,13
61,"ECUADOR","Food","Basic lunchtime menu (including a drink) in the business district",9,8.9703e+10,241,28
61,"ECUADOR","Housing","Monthly rent for 85 m2 (900 sqft) furnished accommodation in normal area",352,8.9703e+10,241,42
61,"ECUADOR","Housing","Utilities 1 month (heating, electricity, gas ...) for 2 people in 85m2 flat",50,8.9703e+10,241,50
61,"ECUADOR","Transportation","Monthly ticket public transport",20,8.9703e+10,241,45
61,"ECUADOR","Entertainment","1 month of gym membership in business district",46,8.9703e+10,241,13
62,"VIETNAM","Food","Basic lunchtime menu (including a drink) in the business district",2.02,3.85673e+11,156.122448979592,28
62,"VIETNAM","Housing","Monthly rent for 85 m2 (900 sqft) furnished accommodation in normal area",574,3.85673e+11,156.122448979592,42
62,"VIETNAM","Housing","Utilities 1 month (heating, electricity, gas ...) for 2 people in 85m2 flat",274,3.85673e+11,156.122448979592,50
62,"VIETNAM","Transportation","Monthly ticket public transport",5.51,3.85673e+11,156.122448979592,45
62,"VIETNAM","Entertainment","1 month of gym membership in business district",25,3.85673e+11,156.122448979592,13
63,"SOUTH AFRICA","Food","Basic lunchtime menu (including a drink) in the business district",6,3.84964e+11,224.7,28
63,"SOUTH AFRICA","Housing","Monthly rent for 85 m2 (900 sqft) furnished accommodation in normal area",512,3.84964e+11,224.7,42
63,"SOUTH AFRICA","Housing","Utilities 1 month (heating, electricity, gas ...) for 2 people in 85m2 flat",88,3.84964e+11,224.7,50
63,"SOUTH AFRICA","Transportation","Monthly ticket public transport",32,3.84964e+11,224.7,45
63,"SOUTH AFRICA","Entertainment","1 month of gym membership in business district",23,3.84964e+11,224.7,13
64,"FIJI","Food","Basic lunchtime menu (including a drink) in the business district",7,8.6349e+10,156.122448979592,28
64,"FIJI","Housing","Monthly rent for 85 m2 (900 sqft) furnished accommodation in normal area",341,8.6349e+10,156.122448979592,42
64,"FIJI","Housing","Utilities 1 month (heating, electricity, gas ...) for 2 people in 85m2 flat",123,8.6349e+10,156.122448979592,50
64,"FIJI","Transportation","Monthly ticket public transport",19,8.6349e+10,156.122448979592,45
64,"FIJI","Entertainment","1 month of gym membership in business district",41,8.6349e+10,156.122448979592,13
65,"PHILIPPINES","Food","Basic lunchtime menu (including a drink) in the business district",3.83,8.6349e+10,156.122448979592,28
65,"PHILIPPINES","Housing","Monthly rent for 85 m2 (900 sqft) furnished accommodation in normal area",668,8.6349e+10,156.122448979592,42
65,"PHILIPPINES","Housing","Utilities 1 month (heating, electricity, gas ...) for 2 people in 85m2 flat",87,8.6349e+10,156.122448979592,50
65,"PHILIPPINES","Transportation","Monthly ticket public transport",11,8.6349e+10,156.122448979592,45
65,"PHILIPPINES","Entertainment","1 month of gym membership in business district",45,8.6349e+10,156.122448979592,13
66,"INDONESIA","Food","Basic lunchtime menu (including a drink) in the business district",2.81,1.251386e+12,166.4,28
66,"INDONESIA","Housing","Monthly rent for 85 m2 (900 sqft) furnished accommodation in normal area",565,1.251386e+12,166.4,42
66,"INDONESIA","Housing","Utilities 1 month (heating, electricity, gas ...) for 2 people in 85m2 flat",51,1.251386e+12,166.4,50
66,"INDONESIA","Transportation","Monthly ticket public transport",9,1.251386e+12,166.4,45
66,"INDONESIA","Entertainment","1 month of gym membership in business district",30,1.251386e+12,166.4,13
67,"MALAYSIA","Food","Basic lunchtime menu (including a drink) in the business district",4.21,3.15188e+11,317.9,28
67,"MALAYSIA","Housing","Monthly rent for 85 m2 (900 sqft) furnished accommodation in normal area",373,3.15188e+11,317.9,42
67,"MALAYSIA","Housing","Utilities 1 month (heating, electricity, gas ...) for 2 people in 85m2 flat",52,3.15188e+11,317.9,50
67,"MALAYSIA","Transportation","Monthly ticket public transport",9,3.15188e+11,317.9,45
67,"MALAYSIA","Entertainment","1 month of gym membership in business district",32,3.15188e+11,317.9,13
68,"RUSSIA","Food","Basic lunchtime menu (including a drink) in the business district",5.68,1.551829e+12,169.4,28
68,"RUSSIA","Housing","Monthly rent for 85 m2 (900 sqft) furnished accommodation in normal area",482,1.551829e+12,169.4,42
68,"RUSSIA","Housing","Utilities 1 month (heating, electricity, gas ...) for 2 people in 85m2 flat",87,1.551829e+12,169.4,50
68,"RUSSIA","Transportation","Monthly ticket public transport",21,1.551829e+12,169.4,45
68,"RUSSIA","Entertainment","1 month of gym membership in business district",33,1.551829e+12,169.4,13
69,"PERU","Food","Basic lunchtime menu (including a drink) in the business district",5.88,1.90901e+11,224.3,28
69,"PERU","Housing","Monthly rent for 85 m2 (900 sqft) furnished accommodation in normal area",388,1.90901e+11,224.3,42
69,"PERU","Housing","Utilities 1 month (heating, electricity, gas ...) for 2 people in 85m2 flat",43,1.90901e+11,224.3,50
69,"PERU","Transportation","Monthly ticket public transport",26,1.90901e+11,224.3,45
69,"PERU","Entertainment","1 month of gym membership in business district",35,1.90901e+11,224.3,13
70,"KENYA","Food","Basic lunchtime menu (including a drink) in the business district",3.96,9.3236e+10,125.3,28
70,"KENYA","Housing","Monthly rent for 85 m2 (900 sqft) furnished accommodation in normal area",376,9.3236e+10,125.3,42
70,"KENYA","Housing","Utilities 1 month (heating, electricity, gas ...) for 2 people in 85m2 flat",101,9.3236e+10,125.3,50
70,"KENYA","Transportation","Monthly ticket public transport",27,9.3236e+10,125.3,45
70,"KENYA","Entertainment","1 month of gym membership in business district",35,9.3236e+10,125.3,13
71,"BOLIVIA","Food","Basic lunchtime menu (including a drink) in the business district",7,3.4391e+10,289.8,28
71,"BOLIVIA","Housing","Monthly rent for 85 m2 (900 sqft) furnished accommodation in normal area",323,3.4391e+10,289.8,42
71,"BOLIVIA","Housing","Utilities 1 month (heating, electricity, gas ...) for 2 people in 85m2 flat",36,3.4391e+10,289.8,50
71,"BOLIVIA","Transportation","Monthly ticket public transport",23,3.4391e+10,289.8,45
71,"BOLIVIA","Entertainment","1 month of gym membership in business district",40,3.4391e+10,289.8,13
72,"COLOMBIA","Food","Basic lunchtime menu (including a drink) in the business district",6,3.26356e+11,220.9,28
72,"COLOMBIA","Housing","Monthly rent for 85 m2 (900 sqft) furnished accommodation in normal area",311,3.26356e+11,220.9,42
72,"COLOMBIA","Housing","Utilities 1 month (heating, electricity, gas ...) for 2 people in 85m2 flat",58,3.26356e+11,220.9,50
72,"COLOMBIA","Transportation","Monthly ticket public transport",29,3.26356e+11,220.9,45
72,"COLOMBIA","Entertainment","1 month of gym membership in business district",22,3.26356e+11,220.9,13
73,"KOSOVO","Food","Basic lunchtime menu (including a drink) in the business district",5.9,8.6349e+10,156.122448979592,28
73,"KOSOVO","Housing","Monthly rent for 85 m2 (900 sqft) furnished accommodation in normal area",356,8.6349e+10,156.122448979592,42
73,"KOSOVO","Housing","Utilities 1 month (heating, electricity, gas ...) for 2 people in 85m2 flat",55,8.6349e+10,156.122448979592,50
73,"KOSOVO","Transportation","Monthly ticket public transport",17,8.6349e+10,156.122448979592,45
73,"KOSOVO","Entertainment","1 month of gym membership in business district",15,8.6349e+10,156.122448979592,13
74,"INDIA","Food","Basic lunchtime menu (including a drink) in the business district",4.18,3.213281e+12,55,28
74,"INDIA","Housing","Monthly rent for 85 m2 (900 sqft) furnished accommodation in normal area",288,3.213281e+12,55,42
74,"INDIA","Housing","Utilities 1 month (heating, electricity, gas ...) for 2 people in 85m2 flat",62,3.213281e+12,55,50
74,"INDIA","Transportation","Monthly ticket public transport",12,3.213281e+12,55,45
74,"INDIA","Entertainment","1 month of gym membership in business district",18,3.213281e+12,55,13
