"Ranking.position","Country","Category","Items","Original.Currency","Original.Currency.Value","EUR.Value","Items_factor"
1,"Bermuda","Transportation","Monthly ticket public transport","BMD",69,62,45
2,"Singapore","Food","Basic lunchtime menu (including a drink) in the business district","SGD",12,8,28
2,"Singapore","Housing","Utilities 1 month (heating, electricity, gas ...) for 2 people in 85m2 flat","SGD",273,185,50
2,"Singapore","Transportation","Monthly ticket public transport","SGD",131,89,45
3,"Switzerland","Food","Basic lunchtime menu (including a drink) in the business district","CHF",26,27,28
3,"Switzerland","Housing","Monthly rent for 85 m2 (900 sqft) furnished accommodation in normal area","CHF",2349,2369,42
3,"Switzerland","Housing","Utilities 1 month (heating, electricity, gas ...) for 2 people in 85m2 flat","CHF",200,202,50
3,"Switzerland","Transportation","Monthly ticket public transport","CHF",80,81,45
4,"Cayman Islands","Food","Basic lunchtime menu (including a drink) in the business district","KYD",24,26,28
4,"Cayman Islands","Transportation","Monthly ticket public transport","KYD",NA,81,45
4,"Cayman Islands","Entertainment","1 month of gym membership in business district","KYD",58,63,13
5,"Bahamas","Food","Basic lunchtime menu (including a drink) in the business district","BSD",26,23,28
5,"Bahamas","Housing","Monthly rent for 85 m2 (900 sqft) furnished accommodation in normal area","BSD",1697,1527,42
5,"Bahamas","Housing","Utilities 1 month (heating, electricity, gas ...) for 2 people in 85m2 flat","BSD",355,320,50
5,"Bahamas","Transportation","Monthly ticket public transport","BSD",56,51,45
6,"Hong Kong","Food","Basic lunchtime menu (including a drink) in the business district","HKD",88,10,28
6,"Hong Kong","Housing","Utilities 1 month (heating, electricity, gas ...) for 2 people in 85m2 flat","HKD",756,87,50
6,"Hong Kong","Transportation","Monthly ticket public transport","HKD",517,59,45
7,"Ireland","Food","Basic lunchtime menu (including a drink) in the business district","EUR",16,16,28
7,"Ireland","Housing","Monthly rent for 85 m2 (900 sqft) furnished accommodation in normal area","EUR",2103,2103,42
7,"Ireland","Housing","Utilities 1 month (heating, electricity, gas ...) for 2 people in 85m2 flat","EUR",259,259,50
7,"Ireland","Transportation","Monthly ticket public transport","EUR",91,91,45
7,"Ireland","Entertainment","1 month of gym membership in business district","EUR",50,50,13
8,"Denmark","Food","Basic lunchtime menu (including a drink) in the business district","DKK",134,18,28
8,"Denmark","Housing","Monthly rent for 85 m2 (900 sqft) furnished accommodation in normal area","DKK",12924,1718,42
8,"Denmark","Housing","Utilities 1 month (heating, electricity, gas ...) for 2 people in 85m2 flat","DKK",1445,192,50
8,"Denmark","Transportation","Monthly ticket public transport","DKK",579,77,45
8,"Denmark","Entertainment","1 month of gym membership in business district","DKK",283,38,13
9,"United States","Food","Basic lunchtime menu (including a drink) in the business district","USD",19,17,28
9,"United States","Housing","Monthly rent for 85 m2 (900 sqft) furnished accommodation in normal area","USD",2213,1993,42
9,"United States","Housing","Utilities 1 month (heating, electricity, gas ...) for 2 people in 85m2 flat","USD",220,198,50
9,"United States","Transportation","Monthly ticket public transport","USD",80,72,45
9,"United States","Entertainment","1 month of gym membership in business district","USD",55,49,13
10,"Norway","Food","Basic lunchtime menu (including a drink) in the business district","NOK",224,20,28
10,"Norway","Housing","Monthly rent for 85 m2 (900 sqft) furnished accommodation in normal area","NOK",15723,1375,42
10,"Norway","Housing","Utilities 1 month (heating, electricity, gas ...) for 2 people in 85m2 flat","NOK",2399,210,50
10,"Norway","Transportation","Monthly ticket public transport","NOK",852,75,45
10,"Norway","Entertainment","1 month of gym membership in business district","NOK",391,34,13
11,"Netherlands","Food","Basic lunchtime menu (including a drink) in the business district","EUR",17,17,28
11,"Netherlands","Housing","Monthly rent for 85 m2 (900 sqft) furnished accommodation in normal area","EUR",1868,1868,42
11,"Netherlands","Housing","Utilities 1 month (heating, electricity, gas ...) for 2 people in 85m2 flat","EUR",266,266,50
11,"Netherlands","Transportation","Monthly ticket public transport","EUR",85,85,45
11,"Netherlands","Entertainment","1 month of gym membership in business district","EUR",38,38,13
12,"Luxembourg","Food","Basic lunchtime menu (including a drink) in the business district","EUR",20,20,28
12,"Luxembourg","Housing","Monthly rent for 85 m2 (900 sqft) furnished accommodation in normal area","EUR",2190,2190,42
12,"Luxembourg","Housing","Utilities 1 month (heating, electricity, gas ...) for 2 people in 85m2 flat","EUR",300,300,50
12,"Luxembourg","Transportation","Monthly ticket public transport","EUR",66,66,45
12,"Luxembourg","Entertainment","1 month of gym membership in business district","EUR",48,48,13
13,"Australia","Food","Basic lunchtime menu (including a drink) in the business district","AUD",21,13,28
13,"Australia","Housing","Monthly rent for 85 m2 (900 sqft) furnished accommodation in normal area","AUD",2258,1364,42
13,"Australia","Housing","Utilities 1 month (heating, electricity, gas ...) for 2 people in 85m2 flat","AUD",263,159,50
13,"Australia","Transportation","Monthly ticket public transport","AUD",158,95,45
13,"Australia","Entertainment","1 month of gym membership in business district","AUD",76,46,13
14,"New Zealand","Food","Basic lunchtime menu (including a drink) in the business district","NZD",21,12,28
14,"New Zealand","Housing","Monthly rent for 85 m2 (900 sqft) furnished accommodation in normal area","NZD",2875,1609,42
14,"New Zealand","Housing","Utilities 1 month (heating, electricity, gas ...) for 2 people in 85m2 flat","NZD",250,140,50
14,"New Zealand","Transportation","Monthly ticket public transport","NZD",144,81,45
14,"New Zealand","Entertainment","1 month of gym membership in business district","NZD",66,37,13
15,"Qatar","Food","Basic lunchtime menu (including a drink) in the business district","QAR",40,10,28
15,"Qatar","Housing","Monthly rent for 85 m2 (900 sqft) furnished accommodation in normal area","QAR",7427,1837,42
15,"Qatar","Housing","Utilities 1 month (heating, electricity, gas ...) for 2 people in 85m2 flat","QAR",579,143,50
15,"Qatar","Transportation","Monthly ticket public transport","QAR",124,31,45
16,"United Kingdom","Food","Basic lunchtime menu (including a drink) in the business district","GBP",14,15,28
16,"United Kingdom","Housing","Monthly rent for 85 m2 (900 sqft) furnished accommodation in normal area","GBP",1402,1569,42
16,"United Kingdom","Housing","Utilities 1 month (heating, electricity, gas ...) for 2 people in 85m2 flat","GBP",209,234,50
16,"United Kingdom","Transportation","Monthly ticket public transport","GBP",84,94,45
16,"United Kingdom","Entertainment","1 month of gym membership in business district","GBP",34,38,13
17,"Israel","Food","Basic lunchtime menu (including a drink) in the business district","ILS",70,17,28
17,"Israel","Housing","Monthly rent for 85 m2 (900 sqft) furnished accommodation in normal area","ILS",6889,1690,42
17,"Israel","Housing","Utilities 1 month (heating, electricity, gas ...) for 2 people in 85m2 flat","ILS",899,221,50
17,"Israel","Transportation","Monthly ticket public transport","ILS",227,56,45
17,"Israel","Entertainment","1 month of gym membership in business district","ILS",260,64,13
18,"Canada","Food","Basic lunchtime menu (including a drink) in the business district","CAD",23,15,28
18,"Canada","Housing","Monthly rent for 85 m2 (900 sqft) furnished accommodation in normal area","CAD",2132,1421,42
18,"Canada","Housing","Utilities 1 month (heating, electricity, gas ...) for 2 people in 85m2 flat","CAD",213,142,50
18,"Canada","Transportation","Monthly ticket public transport","CAD",111,74,45
18,"Canada","Entertainment","1 month of gym membership in business district","CAD",64,43,13
19,"Germany","Food","Basic lunchtime menu (including a drink) in the business district","EUR",16,16,28
19,"Germany","Housing","Monthly rent for 85 m2 (900 sqft) furnished accommodation in normal area","EUR",1477,1477,42
19,"Germany","Housing","Utilities 1 month (heating, electricity, gas ...) for 2 people in 85m2 flat","EUR",222,222,50
19,"Germany","Transportation","Monthly ticket public transport","EUR",72,72,45
19,"Germany","Entertainment","1 month of gym membership in business district","EUR",42,42,13
20,"Finland","Food","Basic lunchtime menu (including a drink) in the business district","EUR",12,12,28
20,"Finland","Housing","Monthly rent for 85 m2 (900 sqft) furnished accommodation in normal area","EUR",1200,1200,42
20,"Finland","Housing","Utilities 1 month (heating, electricity, gas ...) for 2 people in 85m2 flat","EUR",179,179,50
20,"Finland","Transportation","Monthly ticket public transport","EUR",55,55,45
20,"Finland","Entertainment","1 month of gym membership in business district","EUR",52,52,13
21,"Belgium","Food","Basic lunchtime menu (including a drink) in the business district","EUR",20,20,28
21,"Belgium","Housing","Monthly rent for 85 m2 (900 sqft) furnished accommodation in normal area","EUR",1098,1098,42
21,"Belgium","Housing","Utilities 1 month (heating, electricity, gas ...) for 2 people in 85m2 flat","EUR",258,258,50
21,"Belgium","Transportation","Monthly ticket public transport","EUR",50,50,45
21,"Belgium","Entertainment","1 month of gym membership in business district","EUR",30,30,13
22,"Sweden","Food","Basic lunchtime menu (including a drink) in the business district","SEK",127,11,28
22,"Sweden","Housing","Monthly rent for 85 m2 (900 sqft) furnished accommodation in normal area","SEK",13455,1173,42
22,"Sweden","Housing","Utilities 1 month (heating, electricity, gas ...) for 2 people in 85m2 flat","SEK",1095,95,50
22,"Sweden","Transportation","Monthly ticket public transport","SEK",850,74,45
22,"Sweden","Entertainment","1 month of gym membership in business district","SEK",390,34,13
23,"Austria","Food","Basic lunchtime menu (including a drink) in the business district","EUR",14,14,28
23,"Austria","Housing","Monthly rent for 85 m2 (900 sqft) furnished accommodation in normal area","EUR",1247,1247,42
23,"Austria","Housing","Utilities 1 month (heating, electricity, gas ...) for 2 people in 85m2 flat","EUR",335,335,50
23,"Austria","Transportation","Monthly ticket public transport","EUR",45,45,45
23,"Austria","Entertainment","1 month of gym membership in business district","EUR",67,67,13
24,"France","Food","Basic lunchtime menu (including a drink) in the business district","EUR",18,18,28
24,"France","Housing","Monthly rent for 85 m2 (900 sqft) furnished accommodation in normal area","EUR",1404,1404,42
24,"France","Housing","Utilities 1 month (heating, electricity, gas ...) for 2 people in 85m2 flat","EUR",148,148,50
24,"France","Transportation","Monthly ticket public transport","EUR",59,59,45
24,"France","Entertainment","1 month of gym membership in business district","EUR",32,32,13
25,"Japan","Food","Basic lunchtime menu (including a drink) in the business district","JPY",1042,7,28
25,"Japan","Housing","Monthly rent for 85 m2 (900 sqft) furnished accommodation in normal area","JPY",174784,1176,42
25,"Japan","Housing","Utilities 1 month (heating, electricity, gas ...) for 2 people in 85m2 flat","JPY",28814,194,50
25,"Japan","Transportation","Monthly ticket public transport","JPY",10503,71,45
25,"Japan","Entertainment","1 month of gym membership in business district","JPY",9305,63,13
26,"United Arab Emirates","Food","Basic lunchtime menu (including a drink) in the business district","AED",40,10,28
26,"United Arab Emirates","Housing","Monthly rent for 85 m2 (900 sqft) furnished accommodation in normal area","AED",7353,1803,42
26,"United Arab Emirates","Housing","Utilities 1 month (heating, electricity, gas ...) for 2 people in 85m2 flat","AED",733,180,50
26,"United Arab Emirates","Transportation","Monthly ticket public transport","AED",89,22,45
26,"United Arab Emirates","Entertainment","1 month of gym membership in business district","AED",273,67,13
27,"Malta","Food","Basic lunchtime menu (including a drink) in the business district","EUR",26,26,28
27,"Malta","Housing","Monthly rent for 85 m2 (900 sqft) furnished accommodation in normal area","EUR",1046,1046,42
27,"Malta","Housing","Utilities 1 month (heating, electricity, gas ...) for 2 people in 85m2 flat","EUR",86,86,50
27,"Malta","Transportation","Monthly ticket public transport","EUR",25,25,45
27,"Malta","Entertainment","1 month of gym membership in business district","EUR",54,54,13
28,"South Korea","Food","Basic lunchtime menu (including a drink) in the business district","KRW",9573,7,28
28,"South Korea","Housing","Monthly rent for 85 m2 (900 sqft) furnished accommodation in normal area","KRW",2258050,1559,42
28,"South Korea","Housing","Utilities 1 month (heating, electricity, gas ...) for 2 people in 85m2 flat","KRW",241182,167,50
28,"South Korea","Transportation","Monthly ticket public transport","KRW",56684,39,45
28,"South Korea","Entertainment","1 month of gym membership in business district","KRW",72194,50,13
29,"Macao","Food","Basic lunchtime menu (including a drink) in the business district","MOP",87,10,28
29,"Macao","Housing","Monthly rent for 85 m2 (900 sqft) furnished accommodation in normal area","MOP",10328,1149,42
29,"Macao","Housing","Utilities 1 month (heating, electricity, gas ...) for 2 people in 85m2 flat","MOP",700,78,50
29,"Macao","Transportation","Monthly ticket public transport","MOP",360,40,45
30,"Uruguay","Food","Basic lunchtime menu (including a drink) in the business district","UYU",681,16,28
30,"Uruguay","Housing","Monthly rent for 85 m2 (900 sqft) furnished accommodation in normal area","UYU",25073,584,42
30,"Uruguay","Housing","Utilities 1 month (heating, electricity, gas ...) for 2 people in 85m2 flat","UYU",3606,84,50
30,"Uruguay","Transportation","Monthly ticket public transport","UYU",2329,54,45
30,"Uruguay","Entertainment","1 month of gym membership in business district","UYU",2644,62,13
31,"Italy","Food","Basic lunchtime menu (including a drink) in the business district","EUR",18,18,28
31,"Italy","Housing","Monthly rent for 85 m2 (900 sqft) furnished accommodation in normal area","EUR",938,938,42
31,"Italy","Housing","Utilities 1 month (heating, electricity, gas ...) for 2 people in 85m2 flat","EUR",160,160,50
31,"Italy","Transportation","Monthly ticket public transport","EUR",35,35,45
31,"Italy","Entertainment","1 month of gym membership in business district","EUR",48,48,13
32,"Panama","Food","Basic lunchtime menu (including a drink) in the business district","PAB",18,16,28
32,"Panama","Housing","Monthly rent for 85 m2 (900 sqft) furnished accommodation in normal area","PAB",830,747,42
32,"Panama","Housing","Utilities 1 month (heating, electricity, gas ...) for 2 people in 85m2 flat","PAB",114,102,50
32,"Panama","Transportation","Monthly ticket public transport","PAB",40,36,45
32,"Panama","Entertainment","1 month of gym membership in business district","PAB",46,42,13
33,"Dominican Republic","Food","Basic lunchtime menu (including a drink) in the business district","DOP",546,9,28
33,"Dominican Republic","Housing","Monthly rent for 85 m2 (900 sqft) furnished accommodation in normal area","DOP",34553,568,42
33,"Dominican Republic","Housing","Utilities 1 month (heating, electricity, gas ...) for 2 people in 85m2 flat","DOP",4315,71,50
33,"Dominican Republic","Transportation","Monthly ticket public transport","DOP",4516,74,45
33,"Dominican Republic","Entertainment","1 month of gym membership in business district","DOP",2559,42,13
34,"Kuwait","Food","Basic lunchtime menu (including a drink) in the business district","KWD",2.791,8,28
34,"Kuwait","Housing","Monthly rent for 85 m2 (900 sqft) furnished accommodation in normal area","KWD",403,1186,42
34,"Kuwait","Housing","Utilities 1 month (heating, electricity, gas ...) for 2 people in 85m2 flat","KWD",50,147,50
34,"Kuwait","Transportation","Monthly ticket public transport","KWD",13,37,45
34,"Kuwait","Entertainment","1 month of gym membership in business district","KWD",22,64,13
35,"Palestinian Territory","Food","Basic lunchtime menu (including a drink) in the business district","ILS",50,12,28
35,"Palestinian Territory","Housing","Monthly rent for 85 m2 (900 sqft) furnished accommodation in normal area","ILS",2000,491,42
35,"Palestinian Territory","Housing","Utilities 1 month (heating, electricity, gas ...) for 2 people in 85m2 flat","ILS",330,81,50
35,"Palestinian Territory","Transportation","Monthly ticket public transport","ILS",150,37,45
35,"Palestinian Territory","Entertainment","1 month of gym membership in business district","ILS",200,49,13
36,"Costa Rica","Food","Basic lunchtime menu (including a drink) in the business district","CRC",7251,12,28
36,"Costa Rica","Housing","Monthly rent for 85 m2 (900 sqft) furnished accommodation in normal area","CRC",310180,520,42
36,"Costa Rica","Housing","Utilities 1 month (heating, electricity, gas ...) for 2 people in 85m2 flat","CRC",33405,56,50
36,"Costa Rica","Transportation","Monthly ticket public transport","CRC",29044,49,45
36,"Costa Rica","Entertainment","1 month of gym membership in business district","CRC",33895,57,13
37,"Portugal","Food","Basic lunchtime menu (including a drink) in the business district","EUR",10,10,28
37,"Portugal","Housing","Monthly rent for 85 m2 (900 sqft) furnished accommodation in normal area","EUR",863,863,42
37,"Portugal","Housing","Utilities 1 month (heating, electricity, gas ...) for 2 people in 85m2 flat","EUR",135,135,50
37,"Portugal","Transportation","Monthly ticket public transport","EUR",36,36,45
37,"Portugal","Entertainment","1 month of gym membership in business district","EUR",34,34,13
38,"Bahrain","Food","Basic lunchtime menu (including a drink) in the business district","BHD",2.453,5.89,28
38,"Bahrain","Housing","Monthly rent for 85 m2 (900 sqft) furnished accommodation in normal area","BHD",432,1037,42
38,"Bahrain","Housing","Utilities 1 month (heating, electricity, gas ...) for 2 people in 85m2 flat","BHD",57,136,50
38,"Bahrain","Transportation","Monthly ticket public transport","BHD",14,33,45
38,"Bahrain","Entertainment","1 month of gym membership in business district","BHD",30,72,13
39,"Spain","Food","Basic lunchtime menu (including a drink) in the business district","EUR",17,17,28
39,"Spain","Housing","Monthly rent for 85 m2 (900 sqft) furnished accommodation in normal area","EUR",824,824,42
39,"Spain","Housing","Utilities 1 month (heating, electricity, gas ...) for 2 people in 85m2 flat","EUR",129,129,50
39,"Spain","Transportation","Monthly ticket public transport","EUR",33,33,45
39,"Spain","Entertainment","1 month of gym membership in business district","EUR",46,46,13
40,"Czech Republic","Food","Basic lunchtime menu (including a drink) in the business district","CZK",211,9,28
40,"Czech Republic","Housing","Monthly rent for 85 m2 (900 sqft) furnished accommodation in normal area","CZK",25318,1075,42
40,"Czech Republic","Housing","Utilities 1 month (heating, electricity, gas ...) for 2 people in 85m2 flat","CZK",5707,242,50
40,"Czech Republic","Transportation","Monthly ticket public transport","CZK",534,23,45
40,"Czech Republic","Entertainment","1 month of gym membership in business district","CZK",1047,44,13
41,"Slovakia","Food","Basic lunchtime menu (including a drink) in the business district","EUR",10,10,28
41,"Slovakia","Housing","Monthly rent for 85 m2 (900 sqft) furnished accommodation in normal area","EUR",635,635,42
41,"Slovakia","Housing","Utilities 1 month (heating, electricity, gas ...) for 2 people in 85m2 flat","EUR",200,200,50
41,"Slovakia","Transportation","Monthly ticket public transport","EUR",33,33,45
41,"Slovakia","Entertainment","1 month of gym membership in business district","EUR",30,30,13
42,"Greece","Food","Basic lunchtime menu (including a drink) in the business district","EUR",13,13,28
42,"Greece","Housing","Monthly rent for 85 m2 (900 sqft) furnished accommodation in normal area","EUR",631,631,42
42,"Greece","Housing","Utilities 1 month (heating, electricity, gas ...) for 2 people in 85m2 flat","EUR",202,202,50
42,"Greece","Transportation","Monthly ticket public transport","EUR",30,30,45
42,"Greece","Entertainment","1 month of gym membership in business district","EUR",39,39,13
43,"China","Food","Basic lunchtime menu (including a drink) in the business district","CNY",46,6,28
43,"China","Housing","Monthly rent for 85 m2 (900 sqft) furnished accommodation in normal area","CNY",9229,1210,42
43,"China","Housing","Utilities 1 month (heating, electricity, gas ...) for 2 people in 85m2 flat","CNY",412,54,50
43,"China","Transportation","Monthly ticket public transport","CNY",209,27,45
43,"China","Entertainment","1 month of gym membership in business district","CNY",433,57,13
44,"Jordan","Food","Basic lunchtime menu (including a drink) in the business district","JOD",8,10,28
44,"Jordan","Housing","Monthly rent for 85 m2 (900 sqft) furnished accommodation in normal area","JOD",358,454,42
44,"Jordan","Housing","Utilities 1 month (heating, electricity, gas ...) for 2 people in 85m2 flat","JOD",56,71,50
44,"Jordan","Transportation","Monthly ticket public transport","JOD",30,38,45
44,"Jordan","Entertainment","1 month of gym membership in business district","JOD",52,66,13
45,"Chile","Food","Basic lunchtime menu (including a drink) in the business district","CLP",13531,15,28
45,"Chile","Housing","Monthly rent for 85 m2 (900 sqft) furnished accommodation in normal area","CLP",544526,615,42
45,"Chile","Housing","Utilities 1 month (heating, electricity, gas ...) for 2 people in 85m2 flat","CLP",69478,78,50
45,"Chile","Transportation","Monthly ticket public transport","CLP",41691,47,45
45,"Chile","Entertainment","1 month of gym membership in business district","CLP",46349,52,13
46,"Taiwan","Food","Basic lunchtime menu (including a drink) in the business district","TWD",193,5.71,28
46,"Taiwan","Housing","Monthly rent for 85 m2 (900 sqft) furnished accommodation in normal area","TWD",24751,730,42
46,"Taiwan","Housing","Utilities 1 month (heating, electricity, gas ...) for 2 people in 85m2 flat","TWD",1200,35,50
46,"Taiwan","Transportation","Monthly ticket public transport","TWD",1309,39,45
46,"Taiwan","Entertainment","1 month of gym membership in business district","TWD",1192,35,13
47,"Hungary","Food","Basic lunchtime menu (including a drink) in the business district","HUF",3477,9,28
47,"Hungary","Housing","Monthly rent for 85 m2 (900 sqft) furnished accommodation in normal area","HUF",248889,660,42
47,"Hungary","Housing","Utilities 1 month (heating, electricity, gas ...) for 2 people in 85m2 flat","HUF",69429,184,50
47,"Hungary","Transportation","Monthly ticket public transport","HUF",9520,25,45
47,"Hungary","Entertainment","1 month of gym membership in business district","HUF",18104,48,13
48,"Thailand","Food","Basic lunchtime menu (including a drink) in the business district","THB",112,2.96,28
48,"Thailand","Housing","Monthly rent for 85 m2 (900 sqft) furnished accommodation in normal area","THB",30831,815,42
48,"Thailand","Housing","Utilities 1 month (heating, electricity, gas ...) for 2 people in 85m2 flat","THB",2119,56,50
48,"Thailand","Transportation","Monthly ticket public transport","THB",1292,34,45
48,"Thailand","Entertainment","1 month of gym membership in business district","THB",1911,50,13
49,"Venezuela","Food","Basic lunchtime menu (including a drink) in the business district","USD",19,17,28
49,"Venezuela","Housing","Monthly rent for 85 m2 (900 sqft) furnished accommodation in normal area","USD",440,397,42
49,"Venezuela","Housing","Utilities 1 month (heating, electricity, gas ...) for 2 people in 85m2 flat","USD",43,39,50
49,"Venezuela","Transportation","Monthly ticket public transport","USD",27,24,45
49,"Venezuela","Entertainment","1 month of gym membership in business district","USD",61,55,13
50,"Poland","Food","Basic lunchtime menu (including a drink) in the business district","PLN",37,8,28
50,"Poland","Housing","Monthly rent for 85 m2 (900 sqft) furnished accommodation in normal area","PLN",4288,915,42
50,"Poland","Housing","Utilities 1 month (heating, electricity, gas ...) for 2 people in 85m2 flat","PLN",956,204,50
50,"Poland","Transportation","Monthly ticket public transport","PLN",119,25,45
50,"Poland","Entertainment","1 month of gym membership in business district","PLN",143,31,13
51,"Serbia","Food","Basic lunchtime menu (including a drink) in the business district","RSD",992,8,28
51,"Serbia","Housing","Monthly rent for 85 m2 (900 sqft) furnished accommodation in normal area","RSD",83740,707,42
51,"Serbia","Housing","Utilities 1 month (heating, electricity, gas ...) for 2 people in 85m2 flat","RSD",15092,127,50
51,"Serbia","Transportation","Monthly ticket public transport","RSD",3170,27,45
51,"Serbia","Entertainment","1 month of gym membership in business district","RSD",3455,29,13
52,"Guatemala","Food","Basic lunchtime menu (including a drink) in the business district","GTQ",86,10,28
52,"Guatemala","Housing","Monthly rent for 85 m2 (900 sqft) furnished accommodation in normal area","GTQ",3878,448,42
52,"Guatemala","Housing","Utilities 1 month (heating, electricity, gas ...) for 2 people in 85m2 flat","GTQ",476,55,50
52,"Guatemala","Transportation","Monthly ticket public transport","GTQ",299,34,45
52,"Guatemala","Entertainment","1 month of gym membership in business district","GTQ",352,41,13
53,"Bosnia And Herzegovina","Food","Basic lunchtime menu (including a drink) in the business district","BAM",20,10,28
53,"Bosnia And Herzegovina","Housing","Monthly rent for 85 m2 (900 sqft) furnished accommodation in normal area","BAM",788,401,42
53,"Bosnia And Herzegovina","Housing","Utilities 1 month (heating, electricity, gas ...) for 2 people in 85m2 flat","BAM",342,174,50
53,"Bosnia And Herzegovina","Transportation","Monthly ticket public transport","BAM",58,30,45
53,"Bosnia And Herzegovina","Entertainment","1 month of gym membership in business district","BAM",61,31,13
54,"Mexico","Food","Basic lunchtime menu (including a drink) in the business district","MXN",273,14,28
54,"Mexico","Housing","Monthly rent for 85 m2 (900 sqft) furnished accommodation in normal area","MXN",10630,532,42
54,"Mexico","Housing","Utilities 1 month (heating, electricity, gas ...) for 2 people in 85m2 flat","MXN",1016,51,50
54,"Mexico","Transportation","Monthly ticket public transport","MXN",555,28,45
54,"Mexico","Entertainment","1 month of gym membership in business district","MXN",884,44,13
55,"Brazil","Food","Basic lunchtime menu (including a drink) in the business district","BRL",36,7,28
55,"Brazil","Housing","Monthly rent for 85 m2 (900 sqft) furnished accommodation in normal area","BRL",2603,478,42
55,"Brazil","Housing","Utilities 1 month (heating, electricity, gas ...) for 2 people in 85m2 flat","BRL",650,119,50
55,"Brazil","Transportation","Monthly ticket public transport","BRL",231,42,45
55,"Brazil","Entertainment","1 month of gym membership in business district","BRL",129,24,13
56,"Guyana","Food","Basic lunchtime menu (including a drink) in the business district","GYD",1392,5.92,28
56,"Guyana","Housing","Monthly rent for 85 m2 (900 sqft) furnished accommodation in normal area","GYD",139558,594,42
56,"Guyana","Housing","Utilities 1 month (heating, electricity, gas ...) for 2 people in 85m2 flat","GYD",13892,59,50
56,"Guyana","Transportation","Monthly ticket public transport","GYD",NA,42,45
56,"Guyana","Entertainment","1 month of gym membership in business district","GYD",5781,25,13
57,"Cambodia","Food","Basic lunchtime menu (including a drink) in the business district","KHR",25280,5.61,28
57,"Cambodia","Housing","Monthly rent for 85 m2 (900 sqft) furnished accommodation in normal area","KHR",2871620,637,42
57,"Cambodia","Housing","Utilities 1 month (heating, electricity, gas ...) for 2 people in 85m2 flat","KHR",418746,93,50
57,"Cambodia","Transportation","Monthly ticket public transport","KHR",NA,30,45
57,"Cambodia","Entertainment","1 month of gym membership in business district","KHR",218442,48,13
58,"Mauritius","Food","Basic lunchtime menu (including a drink) in the business district","MUR",269,5.4,28
58,"Mauritius","Housing","Monthly rent for 85 m2 (900 sqft) furnished accommodation in normal area","MUR",23651,474,42
58,"Mauritius","Housing","Utilities 1 month (heating, electricity, gas ...) for 2 people in 85m2 flat","MUR",2840,57,50
58,"Mauritius","Transportation","Monthly ticket public transport","MUR",1500,30,45
58,"Mauritius","Entertainment","1 month of gym membership in business district","MUR",1300,26,13
59,"Bulgaria","Food","Basic lunchtime menu (including a drink) in the business district","BGN",20,10,28
59,"Bulgaria","Housing","Monthly rent for 85 m2 (900 sqft) furnished accommodation in normal area","BGN",711,359,42
59,"Bulgaria","Housing","Utilities 1 month (heating, electricity, gas ...) for 2 people in 85m2 flat","BGN",187,95,50
59,"Bulgaria","Transportation","Monthly ticket public transport","BGN",54,27,45
59,"Bulgaria","Entertainment","1 month of gym membership in business district","BGN",53,27,13
60,"Romania","Food","Basic lunchtime menu (including a drink) in the business district","RON",47,9,28
60,"Romania","Housing","Monthly rent for 85 m2 (900 sqft) furnished accommodation in normal area","RON",2253,452,42
60,"Romania","Housing","Utilities 1 month (heating, electricity, gas ...) for 2 people in 85m2 flat","RON",540,108,50
60,"Romania","Transportation","Monthly ticket public transport","RON",87,17,45
60,"Romania","Entertainment","1 month of gym membership in business district","RON",189,38,13
61,"Ecuador","Food","Basic lunchtime menu (including a drink) in the business district","USD",10,9,28
61,"Ecuador","Housing","Monthly rent for 85 m2 (900 sqft) furnished accommodation in normal area","USD",391,352,42
61,"Ecuador","Housing","Utilities 1 month (heating, electricity, gas ...) for 2 people in 85m2 flat","USD",56,50,50
61,"Ecuador","Transportation","Monthly ticket public transport","USD",22,20,45
61,"Ecuador","Entertainment","1 month of gym membership in business district","USD",51,46,13
62,"Vietnam","Food","Basic lunchtime menu (including a drink) in the business district","VND",52492,2.02,28
62,"Vietnam","Housing","Monthly rent for 85 m2 (900 sqft) furnished accommodation in normal area","VND",14948500,574,42
62,"Vietnam","Housing","Utilities 1 month (heating, electricity, gas ...) for 2 people in 85m2 flat","VND",7143900,274,50
62,"Vietnam","Transportation","Monthly ticket public transport","VND",143358,5.51,45
62,"Vietnam","Entertainment","1 month of gym membership in business district","VND",647776,25,13
63,"South Africa","Food","Basic lunchtime menu (including a drink) in the business district","ZAR",132,6,28
63,"South Africa","Housing","Monthly rent for 85 m2 (900 sqft) furnished accommodation in normal area","ZAR",10794,512,42
63,"South Africa","Housing","Utilities 1 month (heating, electricity, gas ...) for 2 people in 85m2 flat","ZAR",1862,88,50
63,"South Africa","Transportation","Monthly ticket public transport","ZAR",674,32,45
63,"South Africa","Entertainment","1 month of gym membership in business district","ZAR",479,23,13
64,"Fiji","Food","Basic lunchtime menu (including a drink) in the business district","FJD",18,7,28
64,"Fiji","Housing","Monthly rent for 85 m2 (900 sqft) furnished accommodation in normal area","FJD",836,341,42
64,"Fiji","Housing","Utilities 1 month (heating, electricity, gas ...) for 2 people in 85m2 flat","FJD",301,123,50
64,"Fiji","Transportation","Monthly ticket public transport","FJD",47,19,45
64,"Fiji","Entertainment","1 month of gym membership in business district","FJD",100,41,13
65,"Philippines","Food","Basic lunchtime menu (including a drink) in the business district","PHP",235,3.83,28
65,"Philippines","Housing","Monthly rent for 85 m2 (900 sqft) furnished accommodation in normal area","PHP",41067,668,42
65,"Philippines","Housing","Utilities 1 month (heating, electricity, gas ...) for 2 people in 85m2 flat","PHP",5331,87,50
65,"Philippines","Transportation","Monthly ticket public transport","PHP",705,11,45
65,"Philippines","Entertainment","1 month of gym membership in business district","PHP",2774,45,13
66,"Indonesia","Food","Basic lunchtime menu (including a drink) in the business district","IDR",46122,2.81,28
66,"Indonesia","Housing","Monthly rent for 85 m2 (900 sqft) furnished accommodation in normal area","IDR",9277030,565,42
66,"Indonesia","Housing","Utilities 1 month (heating, electricity, gas ...) for 2 people in 85m2 flat","IDR",839808,51,50
66,"Indonesia","Transportation","Monthly ticket public transport","IDR",150291,9,45
66,"Indonesia","Entertainment","1 month of gym membership in business district","IDR",496553,30,13
67,"Malaysia","Food","Basic lunchtime menu (including a drink) in the business district","MYR",21,4.21,28
67,"Malaysia","Housing","Monthly rent for 85 m2 (900 sqft) furnished accommodation in normal area","MYR",1823,373,42
67,"Malaysia","Housing","Utilities 1 month (heating, electricity, gas ...) for 2 people in 85m2 flat","MYR",255,52,50
67,"Malaysia","Transportation","Monthly ticket public transport","MYR",46,9,45
67,"Malaysia","Entertainment","1 month of gym membership in business district","MYR",158,32,13
68,"Russia","Food","Basic lunchtime menu (including a drink) in the business district","RUB",515,5.68,28
68,"Russia","Housing","Monthly rent for 85 m2 (900 sqft) furnished accommodation in normal area","RUB",43645,482,42
68,"Russia","Housing","Utilities 1 month (heating, electricity, gas ...) for 2 people in 85m2 flat","RUB",7833,87,50
68,"Russia","Transportation","Monthly ticket public transport","RUB",1884,21,45
68,"Russia","Entertainment","1 month of gym membership in business district","RUB",3030,33,13
69,"Peru","Food","Basic lunchtime menu (including a drink) in the business district","PEN",0.25,5.88,28
69,"Peru","Housing","Monthly rent for 85 m2 (900 sqft) furnished accommodation in normal area","PEN",0.1625,388,42
69,"Peru","Housing","Utilities 1 month (heating, electricity, gas ...) for 2 people in 85m2 flat","PEN",0.182,43,50
69,"Peru","Transportation","Monthly ticket public transport","PEN",0.109,26,45
69,"Peru","Entertainment","1 month of gym membership in business district","PEN",0.146,35,13
70,"Kenya","Food","Basic lunchtime menu (including a drink) in the business district","KES",592,3.96,28
70,"Kenya","Housing","Monthly rent for 85 m2 (900 sqft) furnished accommodation in normal area","KES",56145,376,42
70,"Kenya","Housing","Utilities 1 month (heating, electricity, gas ...) for 2 people in 85m2 flat","KES",15047,101,50
70,"Kenya","Transportation","Monthly ticket public transport","KES",4100,27,45
70,"Kenya","Entertainment","1 month of gym membership in business district","KES",5256,35,13
71,"Bolivia","Food","Basic lunchtime menu (including a drink) in the business district","BOB",52,7,28
71,"Bolivia","Housing","Monthly rent for 85 m2 (900 sqft) furnished accommodation in normal area","BOB",2477,323,42
71,"Bolivia","Housing","Utilities 1 month (heating, electricity, gas ...) for 2 people in 85m2 flat","BOB",277,36,50
71,"Bolivia","Transportation","Monthly ticket public transport","BOB",173,23,45
71,"Bolivia","Entertainment","1 month of gym membership in business district","BOB",304,40,13
72,"Colombia","Food","Basic lunchtime menu (including a drink) in the business district","COP",31230,6,28
72,"Colombia","Housing","Monthly rent for 85 m2 (900 sqft) furnished accommodation in normal area","COP",1528980,311,42
72,"Colombia","Housing","Utilities 1 month (heating, electricity, gas ...) for 2 people in 85m2 flat","COP",285014,58,50
72,"Colombia","Transportation","Monthly ticket public transport","COP",144680,29,45
72,"Colombia","Entertainment","1 month of gym membership in business district","COP",110426,22,13
73,"Kosovo","Food","Basic lunchtime menu (including a drink) in the business district","EUR",5.9,5.9,28
73,"Kosovo","Housing","Monthly rent for 85 m2 (900 sqft) furnished accommodation in normal area","EUR",356,356,42
73,"Kosovo","Housing","Utilities 1 month (heating, electricity, gas ...) for 2 people in 85m2 flat","EUR",55,55,50
73,"Kosovo","Transportation","Monthly ticket public transport","EUR",17,17,45
73,"Kosovo","Entertainment","1 month of gym membership in business district","EUR",15,15,13
74,"India","Food","Basic lunchtime menu (including a drink) in the business district","INR",379,4.18,28
74,"India","Housing","Monthly rent for 85 m2 (900 sqft) furnished accommodation in normal area","INR",26134,288,42
74,"India","Housing","Utilities 1 month (heating, electricity, gas ...) for 2 people in 85m2 flat","INR",5610,62,50
74,"India","Transportation","Monthly ticket public transport","INR",1125,12,45
74,"India","Entertainment","1 month of gym membership in business district","INR",1626,18,13
